Country,Value,len_rating
Film-Noir,4.391304347826087,23
War,4.114942528735632,87
Documentary,4.04,25
Musical,3.711864406779661,59
History,3.7045454545454546,88
