variable,group,value
Female,Akira Kurosawa,4.418410041841004
Male,Akira Kurosawa,4.4330958036421215
Female,Frank Darabont,4.419672131147541
Male,Frank Darabont,4.4104183109707975
Female,M. Night Shyamalan,4.461086637298091
Male,M. Night Shyamalan,4.363336992316136
Female,Clyde Bruckman,4.575757575757576
Male,Clyde Bruckman,4.329479768786127
Female,Satyajit Ray,4.714285714285714
Male,Satyajit Ray,4.190476190476191
