Country,Value,len_rating
Paul Newman,4.5,20
Marlon Brando,4.148148148148148,27
Carrie Fisher,4.130434782608695,23
Edward Norton,4.0476190476190474,21
Robert Redford,4.037037037037037,27
