variable,group,value
Female,Short,4.461538461538462
Male,Short,4.333500753390256
Female,Film-Noir,4.202753441802253
Male,Film-Noir,4.2158886894075405
Female,Documentary,4.048971596474045
Male,Documentary,3.990557129367328
Female,History,4.0164963683368216
Male,History,3.9663906695156697
Female,War,3.8742271683448153
Male,War,3.9524069275876177
